text,query,country,city,userId,username,quote_count,reply_count,retweet_count,favorite_count,timestamp,createdAt
"@DiarioDoAmapa Vcs s√£o uma piada,pior de tudo √© que nao conseguem 50 curtidas.
V√£o procurar se informar, vcs s√≥ sab‚Ä¶ https://t.co/daJ05KiWfZ",waldez,,,968171000209772500,locutorjonatas,,,0,0,Tue Aug 10 2021 20:18:31 GMT-0300 (Brasilia Standard Time),Tue Aug 10 2021 20:04:59 GMT-0300 (Brasilia Standard Time)
Xadrez de 2022: 45% votam em candidato apoiado por Furlan e 75% n√£o votam em candidato apoiado por Waldez- Portal A‚Ä¶ https://t.co/gUHXXoWrKv,waldez,,,168172487,heversoncastro,,,0,0,Tue Aug 10 2021 20:18:31 GMT-0300 (Brasilia Standard Time),Tue Aug 10 2021 19:27:45 GMT-0300 (Brasilia Standard Time)
"Feira do perp√©tuo socorro, hoje de manh√£ e por todo o tempo de governo Waldez. https://t.co/MbAq36v4I7",waldez,,,3773164283,Brinuda,,,0,3,Tue Aug 10 2021 20:18:31 GMT-0300 (Brasilia Standard Time),Tue Aug 10 2021 18:19:59 GMT-0300 (Brasilia Standard Time)
"RT @portalamapaAP: Xadrez de 2022: 45% votam em candidato apoiado por Furlan e 75% n√£o votam em candidato apoiado por Waldez, aponta pesqui‚Ä¶",waldez,,,168172487,heversoncastro,,,1,0,Tue Aug 10 2021 20:18:31 GMT-0300 (Brasilia Standard Time),Tue Aug 10 2021 17:20:50 GMT-0300 (Brasilia Standard Time)
"Xadrez de 2022: 45% votam em candidato apoiado por Furlan e 75% n√£o votam em candidato apoiado por Waldez, aponta p‚Ä¶ https://t.co/RIalujSlcv",waldez,,,1090117327990022100,portalamapaAP,,,1,1,Tue Aug 10 2021 20:18:31 GMT-0300 (Brasilia Standard Time),Tue Aug 10 2021 17:18:48 GMT-0300 (Brasilia Standard Time)
"RT @desolaoficial: PSG x Barcelona na final da Champions

O Messi:

Cr√©dito: Crhedrys/Twitter https://t.co/BTbAiSF9OX",waldez,,,754712738744664000,waldez_filho,,,3565,0,Tue Aug 10 2021 20:18:31 GMT-0300 (Brasilia Standard Time),Tue Aug 10 2021 12:59:34 GMT-0300 (Brasilia Standard Time)
@waldez_filho nunca,waldez,,,513464864,_aguiarjv,,,0,0,Tue Aug 10 2021 20:18:31 GMT-0300 (Brasilia Standard Time),Tue Aug 10 2021 11:09:49 GMT-0300 (Brasilia Standard Time)
@_aguiarjv O cara q mais zikou o psg e o neyney. Te odeio üëçüèª,waldez,,,754712738744664000,waldez_filho,,,0,3,Tue Aug 10 2021 20:18:31 GMT-0300 (Brasilia Standard Time),Tue Aug 10 2021 10:52:24 GMT-0300 (Brasilia Standard Time)
RT @pequeninobrecho: o tanto de gente que vi nesse site dizendo que em julho gastou como se fosse filho do pr√≥prio waldez eu perdi as conta‚Ä¶,waldez,,,158531525,agarafeeling,,,1,0,Tue Aug 10 2021 20:18:31 GMT-0300 (Brasilia Standard Time),Tue Aug 10 2021 07:52:19 GMT-0300 (Brasilia Standard Time)
o tanto de gente que vi nesse site dizendo que em julho gastou como se fosse filho do pr√≥prio waldez eu perdi as co‚Ä¶ https://t.co/BPPXiC48F7,waldez,,,1231841326351687700,pequeninobrecho,,,1,8,Tue Aug 10 2021 20:18:31 GMT-0300 (Brasilia Standard Time),Tue Aug 10 2021 03:11:47 GMT-0300 (Brasilia Standard Time)
@mardmoreira Hoje rendeu em,waldez,,,754712738744664000,waldez_filho,,,0,0,Tue Aug 10 2021 20:18:31 GMT-0300 (Brasilia Standard Time),Mon Aug 09 2021 21:47:24 GMT-0300 (Brasilia Standard Time)
@hyorran_f Ai ce brincou,waldez,,,754712738744664000,waldez_filho,,,0,0,Tue Aug 10 2021 20:18:31 GMT-0300 (Brasilia Standard Time),Mon Aug 09 2021 21:47:15 GMT-0300 (Brasilia Standard Time)
@waldez_filho estudou muito waldezin,waldez,,,3290775278,mardmoreira,,,0,0,Tue Aug 10 2021 20:18:31 GMT-0300 (Brasilia Standard Time),Mon Aug 09 2021 21:39:04 GMT-0300 (Brasilia Standard Time)
@waldez_filho Vc faz nada rapaz,waldez,,,800558688243068900,hyorran_f,,,0,0,Tue Aug 10 2021 20:18:31 GMT-0300 (Brasilia Standard Time),Mon Aug 09 2021 21:26:08 GMT-0300 (Brasilia Standard Time)
Hoje eu cansei nu,waldez,,,754712738744664000,waldez_filho,,,0,0,Tue Aug 10 2021 20:18:31 GMT-0300 (Brasilia Standard Time),Mon Aug 09 2021 21:23:18 GMT-0300 (Brasilia Standard Time)
"minha mae ta ajudando um projeto pra ajudar a elei√ß√£o do vice do waldez...parece q gosta de sofrer
 https://t.co/m2S0ZSRvhD",waldez,,,764526056003035100,bohemiatrincada,,,0,1,Tue Aug 10 2021 20:18:31 GMT-0300 (Brasilia Standard Time),Mon Aug 09 2021 21:08:14 GMT-0300 (Brasilia Standard Time)
e pensar q a cea foi vendida pra mesma empresa de energia q tem no par√° pqp waldez eu te odeio tanto https://t.co/F7etYMRZ9U,waldez,,,737008606122549200,KAlKYOIN,,,0,0,Tue Aug 10 2021 20:18:31 GMT-0300 (Brasilia Standard Time),Mon Aug 09 2021 20:17:49 GMT-0300 (Brasilia Standard Time)
Duplica√ß√£o da Duca Serra vai para o 8 anos em obras e nada de conclus√£o √© a cara da incompet√™ncia do governo Waldez https://t.co/AFVW5qNUhB,waldez,Brazil,"Macap√°, Brazil",52481971,JulianoDCS,,,0,1,Tue Aug 10 2021 20:18:31 GMT-0300 (Brasilia Standard Time),Mon Aug 09 2021 10:33:32 GMT-0300 (Brasilia Standard Time)
Waldez paga a√≠ pra gente ter paz de esp√≠rito e na mente,waldez,,,819324245809446900,aryoliver7,,,0,3,Tue Aug 10 2021 20:18:31 GMT-0300 (Brasilia Standard Time),Mon Aug 09 2021 07:56:19 GMT-0300 (Brasilia Standard Time)
Que sono √© esse,waldez,,,754712738744664000,waldez_filho,,,0,1,Tue Aug 10 2021 20:18:31 GMT-0300 (Brasilia Standard Time),Mon Aug 09 2021 05:46:41 GMT-0300 (Brasilia Standard Time)
@mardmoreira @babsnovais NEM FUDENDO KKKKKKK,waldez,,,754712738744664000,waldez_filho,,,0,1,Tue Aug 10 2021 20:18:31 GMT-0300 (Brasilia Standard Time),Sun Aug 08 2021 23:07:04 GMT-0300 (Brasilia Standard Time)
WALDEZ FAZ ALGUMA COISA,waldez,,,1252238223742566400,jjksavages,,,0,0,Tue Aug 10 2021 20:18:31 GMT-0300 (Brasilia Standard Time),Sun Aug 08 2021 23:05:16 GMT-0300 (Brasilia Standard Time)
@waldez_filho @babsnovais vou mandar o seu waldez,waldez,,,3290775278,mardmoreira,,,0,1,Tue Aug 10 2021 20:18:31 GMT-0300 (Brasilia Standard Time),Sun Aug 08 2021 23:05:15 GMT-0300 (Brasilia Standard Time)
"RT @PauloSilva1955: Decreto do governador Waldez G√≥es, publicado neste s√°bado (7), nomeia Paulo Roberto de Oliveira Martins, advogado e con‚Ä¶",waldez,,,194835131,caiorbr_,,,1,0,Tue Aug 10 2021 20:18:31 GMT-0300 (Brasilia Standard Time),Sun Aug 08 2021 14:58:40 GMT-0300 (Brasilia Standard Time)
"Decreto do governador Waldez G√≥es, publicado neste s√°bado (7), nomeia Paulo Roberto de Oliveira Martins, advogado e‚Ä¶ https://t.co/CuSlr5rDlM",waldez,,,930771493,PauloSilva1955,,,1,5,Tue Aug 10 2021 20:18:31 GMT-0300 (Brasilia Standard Time),Sun Aug 08 2021 14:44:21 GMT-0300 (Brasilia Standard Time)
"RT @fcksour: todos os 3 singles da olivia tem ""car"" na letra, adivinha qual outra m√∫sica do sour tem car? jealousy jealousy https://t.co/Qp‚Ä¶",waldez,,,1077590580455186400,Victor_waldez,,,2,0,Tue Aug 10 2021 20:18:31 GMT-0300 (Brasilia Standard Time),Sun Aug 08 2021 13:05:00 GMT-0300 (Brasilia Standard Time)
@ackerari SEM OR,waldez,,,1077590580455186400,Victor_waldez,,,0,1,Tue Aug 10 2021 20:18:31 GMT-0300 (Brasilia Standard Time),Sun Aug 08 2021 11:59:25 GMT-0300 (Brasilia Standard Time)
@Victor_waldez @FortniteGame √â dif√≠cil de aceitar n√©,waldez,,,906220541165654000,AtosAlmeidaWtf,,,0,0,Tue Aug 10 2021 20:18:31 GMT-0300 (Brasilia Standard Time),Sat Aug 07 2021 23:01:19 GMT-0300 (Brasilia Standard Time)
"@AtosAlmeidaWtf @FortniteGame Ariana ela √© uma pessoa real, ali√°s q a skin q tu se refere foi inspirado nela!",waldez,,,1077590580455186400,Victor_waldez,,,0,0,Tue Aug 10 2021 20:18:31 GMT-0300 (Brasilia Standard Time),Sat Aug 07 2021 22:33:43 GMT-0300 (Brasilia Standard Time)
Ah se eu fosse bobo,waldez,,,754712738744664000,waldez_filho,,,0,1,Tue Aug 10 2021 20:18:31 GMT-0300 (Brasilia Standard Time),Sat Aug 07 2021 20:45:06 GMT-0300 (Brasilia Standard Time)
RT @StudioFuracao: Excelente assist√™ncia do Richarlison para o ataque da Fernanda Garay üëè üëè üëè https://t.co/tEJXoNlkri,waldez,,,754712738744664000,waldez_filho,,,12158,0,Tue Aug 10 2021 20:18:31 GMT-0300 (Brasilia Standard Time),Sat Aug 07 2021 19:47:14 GMT-0300 (Brasilia Standard Time)
@Victor_waldez @FortniteGame Kkkkk ficou sentida por causa de uma skin copiada na cara dura,waldez,,,906220541165654000,AtosAlmeidaWtf,,,0,1,Tue Aug 10 2021 20:18:31 GMT-0300 (Brasilia Standard Time),Sat Aug 07 2021 17:47:07 GMT-0300 (Brasilia Standard Time)
@trembarbieff @FreeFireBR AMG Q ODIOüò≠üò≠üò≠üò≠,waldez,,,1077590580455186400,Victor_waldez,,,0,0,Tue Aug 10 2021 20:18:31 GMT-0300 (Brasilia Standard Time),Sat Aug 07 2021 17:21:48 GMT-0300 (Brasilia Standard Time)
@FreeFireBR Vou comprar um Xbox s√≥ pra mudar pra fortnite mano o garen filha da puta pqp S√ÉO 1 BILH√ÉO DE DOWNLOAD E TU DA ISSO?? Pqp,waldez,,,1077590580455186400,Victor_waldez,,,0,0,Tue Aug 10 2021 20:18:31 GMT-0300 (Brasilia Standard Time),Sat Aug 07 2021 17:16:41 GMT-0300 (Brasilia Standard Time)
"Medalha de ouro para esta dupla que em pleno s√°bado est√° acolhendo, e engajando os profissionais para o retorno seg‚Ä¶ https://t.co/u0uHvIttEH",waldez,,,130298785,NandaSena93,,,0,3,Tue Aug 10 2021 20:18:31 GMT-0300 (Brasilia Standard Time),Sat Aug 07 2021 14:20:00 GMT-0300 (Brasilia Standard Time)
√â OUROOOOOOOOOOOOOOOOOOOO,waldez,,,754712738744664000,waldez_filho,,,0,1,Tue Aug 10 2021 20:18:31 GMT-0300 (Brasilia Standard Time),Sat Aug 07 2021 11:04:57 GMT-0300 (Brasilia Standard Time)
EU TE AMO MALCON,waldez,,,754712738744664000,waldez_filho,,,0,0,Tue Aug 10 2021 20:18:31 GMT-0300 (Brasilia Standard Time),Sat Aug 07 2021 10:51:04 GMT-0300 (Brasilia Standard Time)
Ate o final desse jogo eu morro,waldez,,,754712738744664000,waldez_filho,,,0,0,Tue Aug 10 2021 20:18:31 GMT-0300 (Brasilia Standard Time),Sat Aug 07 2021 10:24:39 GMT-0300 (Brasilia Standard Time)
Brasil ta em choque caralho,waldez,,,754712738744664000,waldez_filho,,,0,0,Tue Aug 10 2021 20:18:31 GMT-0300 (Brasilia Standard Time),Sat Aug 07 2021 10:04:28 GMT-0300 (Brasilia Standard Time)
"@ivan_lord @P_droMenezes @tabataamaralsp Waldez neutro? Foi um dos Governadores que foi visitar Lula em Curitiba, n‚Ä¶ https://t.co/3MuDXuqQsM",waldez,,,27753875,rembrandt_sa,,,0,0,Tue Aug 10 2021 20:18:31 GMT-0300 (Brasilia Standard Time),Sat Aug 07 2021 09:58:39 GMT-0300 (Brasilia Standard Time)
"RT @ivan_lord: @P_droMenezes @tabataamaralsp Em 2018, 4 candidatos a governador pelo PDT foram ao segundo turno. Waldez (Amap√°), Amazonino‚Ä¶",waldez,,,1703556092,manissaua,,,6,0,Tue Aug 10 2021 20:18:31 GMT-0300 (Brasilia Standard Time),Sat Aug 07 2021 09:53:52 GMT-0300 (Brasilia Standard Time)
"RT @crf_marlon10: tor√ßo s√≥ pelo neymar mesmo, qm achar ruim vtnc",waldez,,,754712738744664000,waldez_filho,,,6925,0,Tue Aug 10 2021 20:18:31 GMT-0300 (Brasilia Standard Time),Sat Aug 07 2021 09:29:07 GMT-0300 (Brasilia Standard Time)
"RT @timebrasil: √â OURO ü•áü•áü•áü•á

Hebert Concei√ß√£o üáßüá∑ vence Khyzhniak, da üá∫üá¶  e conquista a ü•á nos @JogosOlimpicos de #tokyo2020 

QUE NOCAUTE!!!‚Ä¶",waldez,,,754712738744664000,waldez_filho,,,12701,0,Tue Aug 10 2021 20:18:31 GMT-0300 (Brasilia Standard Time),Sat Aug 07 2021 08:22:22 GMT-0300 (Brasilia Standard Time)
Que √≥dio vendi meu Xbox e n√£o vou poder jogar fortnite e nem comprar a skin da ariana üò≠üò≠üò≠üò≠üíÄüíÄ algu√©m me ajudaaaaa,waldez,,,1077590580455186400,Victor_waldez,,,0,0,Tue Aug 10 2021 20:18:31 GMT-0300 (Brasilia Standard Time),Fri Aug 06 2021 21:53:19 GMT-0300 (Brasilia Standard Time)
"RT @ivan_lord: @P_droMenezes @tabataamaralsp Em 2018, 4 candidatos a governador pelo PDT foram ao segundo turno. Waldez (Amap√°), Amazonino‚Ä¶",waldez,,,2727315459,pseudolucca,,,6,0,Tue Aug 10 2021 20:18:31 GMT-0300 (Brasilia Standard Time),Fri Aug 06 2021 20:57:15 GMT-0300 (Brasilia Standard Time)
"RT @ivan_lord: @P_droMenezes @tabataamaralsp Em 2018, 4 candidatos a governador pelo PDT foram ao segundo turno. Waldez (Amap√°), Amazonino‚Ä¶",waldez,,,37359348,LucasJacobus,,,6,0,Tue Aug 10 2021 20:18:31 GMT-0300 (Brasilia Standard Time),Fri Aug 06 2021 20:39:34 GMT-0300 (Brasilia Standard Time)
Esse hamb√∫rguer do waldez parece t√° mt bom,waldez,,,213169644,rdggato,,,0,1,Tue Aug 10 2021 20:18:31 GMT-0300 (Brasilia Standard Time),Fri Aug 06 2021 14:03:26 GMT-0300 (Brasilia Standard Time)
"RT @ivan_lord: @P_droMenezes @tabataamaralsp Em 2018, 4 candidatos a governador pelo PDT foram ao segundo turno. Waldez (Amap√°), Amazonino‚Ä¶",waldez,,,1375047227840868400,marcelormart,,,6,0,Tue Aug 10 2021 20:18:31 GMT-0300 (Brasilia Standard Time),Fri Aug 06 2021 13:13:33 GMT-0300 (Brasilia Standard Time)
"TROCAS || GOV 

Teles J√∫nior assume hoje Ag√™ncia de Desenvolvimento Econ√¥mico do Amap√° (AGEAP), Teles saiu da Sec d‚Ä¶ https://t.co/yJPWeOHdNd",waldez,,,1348335550093267000,amapaconectado,,,0,0,Tue Aug 10 2021 20:18:31 GMT-0300 (Brasilia Standard Time),Fri Aug 06 2021 13:00:00 GMT-0300 (Brasilia Standard Time)
vontade de um artesanal bem carregado de cheddar dps de ver o vagabundo do Waldez fazendo,waldez,,,2194762612,immortaIit,,,0,0,Tue Aug 10 2021 20:18:31 GMT-0300 (Brasilia Standard Time),Fri Aug 06 2021 12:02:30 GMT-0300 (Brasilia Standard Time)
"O waldez fazendo hamburguer, deu at√© vontade rs",waldez,,,236187363,DanielPassinho,,,0,0,Tue Aug 10 2021 20:18:31 GMT-0300 (Brasilia Standard Time),Fri Aug 06 2021 11:06:21 GMT-0300 (Brasilia Standard Time)
"@P_droMenezes @tabataamaralsp Em 2018, 4 candidatos a governador pelo PDT foram ao segundo turno. Waldez (Amap√°), A‚Ä¶ https://t.co/XhRmmyhH89",waldez,,,174272899,ivan_lord,,,6,162,Tue Aug 10 2021 20:18:31 GMT-0300 (Brasilia Standard Time),Fri Aug 06 2021 10:43:30 GMT-0300 (Brasilia Standard Time)
"A solu√ß√£o m√°gica das privatiza√ß√µes n√£o passam de meras fal√°cias,Waldez privatizou a CEA e vai privatizar a CAESA va‚Ä¶ https://t.co/i85rfmGfTl",waldez,Brazil,"Macap√°, Brazil",52481971,JulianoDCS,,,0,2,Tue Aug 10 2021 20:18:31 GMT-0300 (Brasilia Standard Time),Fri Aug 06 2021 08:47:45 GMT-0300 (Brasilia Standard Time)
"RT @eduardoxvieira: Waldez eu te odeio, mas me chama pra comer hamb√∫rguer na tua casa pfvr.",waldez,,,4340014581,elozinhx,,,2,0,Tue Aug 10 2021 20:18:31 GMT-0300 (Brasilia Standard Time),Fri Aug 06 2021 02:40:29 GMT-0300 (Brasilia Standard Time)
"@DaianeMels RANDOLF  , SARNEY , CAPIBERIBE E WALDEZ G√ìES !!!! üò§",waldez,,,755125260576522200,simaoslopess8,,,0,1,Tue Aug 10 2021 20:18:31 GMT-0300 (Brasilia Standard Time),Fri Aug 06 2021 00:21:07 GMT-0300 (Brasilia Standard Time)
"RT @mrcns: esses pol√≠ticos do Amap√° como waldez, Cl√©cio, furlan, Camilo e etc q curtem uma papagaiada de meme tem q entender q antes de fic‚Ä¶",waldez,,,807210176147320800,brunaverse,,,4,0,Tue Aug 10 2021 20:18:31 GMT-0300 (Brasilia Standard Time),Thu Aug 05 2021 23:59:04 GMT-0300 (Brasilia Standard Time)
"RT @mrcns: esses pol√≠ticos do Amap√° como waldez, Cl√©cio, furlan, Camilo e etc q curtem uma papagaiada de meme tem q entender q antes de fic‚Ä¶",waldez,,,361551573,caroliimr,,,4,0,Tue Aug 10 2021 20:18:31 GMT-0300 (Brasilia Standard Time),Thu Aug 05 2021 23:57:15 GMT-0300 (Brasilia Standard Time)
"RT @PauloSilva1955: TSE inicia, nesta sexta-feira (6), em sess√£o virtual, o julgamento de dois recursos eleitorais (0001251-75.2014.6.03.00‚Ä¶",waldez,,,439538644,AdeiltonLeite,,,1,0,Tue Aug 10 2021 20:18:31 GMT-0300 (Brasilia Standard Time),Thu Aug 05 2021 22:19:07 GMT-0300 (Brasilia Standard Time)
"RT @eduardoxvieira: Waldez eu te odeio, mas me chama pra comer hamb√∫rguer na tua casa pfvr.",waldez,,,1244691518625112000,srSussu,,,2,0,Tue Aug 10 2021 20:18:31 GMT-0300 (Brasilia Standard Time),Thu Aug 05 2021 21:47:44 GMT-0300 (Brasilia Standard Time)
"Waldez eu te odeio, mas me chama pra comer hamb√∫rguer na tua casa pfvr.",waldez,Brazil,"Sao Paulo, Brazil",1199844575076114400,eduardoxvieira,,,2,9,Tue Aug 10 2021 20:18:31 GMT-0300 (Brasilia Standard Time),Thu Aug 05 2021 21:22:26 GMT-0300 (Brasilia Standard Time)
"TSE inicia, nesta sexta-feira (6), em sess√£o virtual, o julgamento de dois recursos eleitorais (0001251-75.2014.6.0‚Ä¶ https://t.co/bPOcDcfKZ8",waldez,,,930771493,PauloSilva1955,,,1,0,Tue Aug 10 2021 20:18:31 GMT-0300 (Brasilia Standard Time),Thu Aug 05 2021 20:26:42 GMT-0300 (Brasilia Standard Time)
"@DiarioDoAmapa V√£o puchar o saco do waldez,n√£o se metam com presidente, vcs n√£o tem moral pra isso bando de jabazeiro",waldez,,,968171000209772500,locutorjonatas,,,0,0,Tue Aug 10 2021 20:18:31 GMT-0300 (Brasilia Standard Time),Thu Aug 05 2021 18:52:15 GMT-0300 (Brasilia Standard Time)
RT @vinezsz: perdeu tudo! üò± o drama de waldez üò≥ vendendo hamb√∫rguer üòãüçîüòú,waldez,,,1282488591395029000,ddaczin,,,4,0,Tue Aug 10 2021 20:18:31 GMT-0300 (Brasilia Standard Time),Thu Aug 05 2021 18:48:31 GMT-0300 (Brasilia Standard Time)
@waldezoficial Espero que um dia o Amap√° se livre dessa praga chamada waldez,waldez,,,1311650078508146700,NILDOSO50673157,,,0,0,Tue Aug 10 2021 20:18:31 GMT-0300 (Brasilia Standard Time),Thu Aug 05 2021 10:29:23 GMT-0300 (Brasilia Standard Time)
@DaianeMels D√≥ria. Waldez. Flavio dino....,waldez,,,1264077431239069700,manasse91259586,,,0,2,Tue Aug 10 2021 20:18:31 GMT-0300 (Brasilia Standard Time),Thu Aug 05 2021 09:42:55 GMT-0300 (Brasilia Standard Time)
"RT @mrcns: esses pol√≠ticos do Amap√° como waldez, Cl√©cio, furlan, Camilo e etc q curtem uma papagaiada de meme tem q entender q antes de fic‚Ä¶",waldez,,,69931241,alecosta36,,,4,0,Tue Aug 10 2021 20:18:31 GMT-0300 (Brasilia Standard Time),Thu Aug 05 2021 09:35:02 GMT-0300 (Brasilia Standard Time)
"esses pol√≠ticos do Amap√° como waldez, Cl√©cio, furlan, Camilo e etc q curtem uma papagaiada de meme tem q entender q‚Ä¶ https://t.co/MHQr3OO6Hl",waldez,,,91391960,mrcns,,,4,31,Tue Aug 10 2021 20:18:31 GMT-0300 (Brasilia Standard Time),Thu Aug 05 2021 09:33:10 GMT-0300 (Brasilia Standard Time)
Esse Waldez √© um pai mesmo https://t.co/2rFmGRtgEV,waldez,,,1302777429778456600,LuizZanotto5,,,0,1,Tue Aug 10 2021 20:18:31 GMT-0300 (Brasilia Standard Time),Thu Aug 05 2021 08:16:31 GMT-0300 (Brasilia Standard Time)
Deveria ter mandado o waldez cortar a energia l√°,waldez,,,400256835,sdaiane_,,,0,0,Tue Aug 10 2021 20:18:31 GMT-0300 (Brasilia Standard Time),Thu Aug 05 2021 03:37:08 GMT-0300 (Brasilia Standard Time)
era s√≥ um hamb√∫rguer do waldez agr,waldez,,,1245889227969216500,abeatrizlps_,,,0,2,Tue Aug 10 2021 20:18:31 GMT-0300 (Brasilia Standard Time),Thu Aug 05 2021 01:36:17 GMT-0300 (Brasilia Standard Time)
p q que coloram o dem√¥nio do waldez na minha tl eu tenho tw com gore,waldez,,,1416761484323999700,whyatIas,,,0,0,Tue Aug 10 2021 20:18:31 GMT-0300 (Brasilia Standard Time),Wed Aug 04 2021 23:48:53 GMT-0300 (Brasilia Standard Time)
RT @Felipespaixao: O Governo Waldez est√° h√° quatro meses sem pagar so funcion√°rios de empresa terceirizada que atende na saude. Por esse mo‚Ä¶,waldez,,,293868611,Marcel0Felipe,,,7,0,Tue Aug 10 2021 20:18:31 GMT-0300 (Brasilia Standard Time),Wed Aug 04 2021 23:41:45 GMT-0300 (Brasilia Standard Time)
Rap√° esse hamburg√£o do waldez Goes n√£o saiu da minha TL o dia INTEIRO! Fds! Agora estou aqui comendo um hamb√∫rguer para matar a vontade!,waldez,,,63524743,wandermcp,,,0,0,Tue Aug 10 2021 20:18:31 GMT-0300 (Brasilia Standard Time),Wed Aug 04 2021 23:03:23 GMT-0300 (Brasilia Standard Time)
triste pq nao comi o hamburguer do waldez,waldez,,,2148146210,maresselha,,,0,0,Tue Aug 10 2021 20:18:31 GMT-0300 (Brasilia Standard Time),Wed Aug 04 2021 22:49:12 GMT-0300 (Brasilia Standard Time)
RT @Felipespaixao: O Governo Waldez est√° h√° quatro meses sem pagar so funcion√°rios de empresa terceirizada que atende na saude. Por esse mo‚Ä¶,waldez,,,354966282,paulosantosnews,,,7,0,Tue Aug 10 2021 20:18:31 GMT-0300 (Brasilia Standard Time),Wed Aug 04 2021 22:07:57 GMT-0300 (Brasilia Standard Time)
RT @Felipespaixao: O Governo Waldez est√° h√° quatro meses sem pagar so funcion√°rios de empresa terceirizada que atende na saude. Por esse mo‚Ä¶,waldez,,,95945707,jonataNazario,,,7,0,Tue Aug 10 2021 20:18:31 GMT-0300 (Brasilia Standard Time),Wed Aug 04 2021 21:13:49 GMT-0300 (Brasilia Standard Time)
Hitei com o v√≠deo do Waldez fazendo hamburger,waldez,,,3298727421,carloswearboots,,,0,0,Tue Aug 10 2021 20:18:31 GMT-0300 (Brasilia Standard Time),Wed Aug 04 2021 20:19:46 GMT-0300 (Brasilia Standard Time)
RT @Felipespaixao: O Governo Waldez est√° h√° quatro meses sem pagar so funcion√°rios de empresa terceirizada que atende na saude. Por esse mo‚Ä¶,waldez,,,438688821,marcondysap,,,7,0,Tue Aug 10 2021 20:18:31 GMT-0300 (Brasilia Standard Time),Wed Aug 04 2021 19:42:57 GMT-0300 (Brasilia Standard Time)
RT @vinezsz: perdeu tudo! üò± o drama de waldez üò≥ vendendo hamb√∫rguer üòãüçîüòú,waldez,,,867506424913571800,EdwiLuiz,,,4,0,Tue Aug 10 2021 20:18:31 GMT-0300 (Brasilia Standard Time),Wed Aug 04 2021 19:10:25 GMT-0300 (Brasilia Standard Time)
disk o waldez t√° vendendo hamb√∫rguer p se sustentarüò•,waldez,,,1165237191225872400,galaiusom,,,0,1,Tue Aug 10 2021 20:18:31 GMT-0300 (Brasilia Standard Time),Wed Aug 04 2021 17:49:19 GMT-0300 (Brasilia Standard Time)
"@locapope confirmado 
lorem tem uma queda pelo waldez",waldez,,,797580168185442300,Kelroth,,,0,0,Tue Aug 10 2021 20:18:31 GMT-0300 (Brasilia Standard Time),Wed Aug 04 2021 17:47:32 GMT-0300 (Brasilia Standard Time)
"mas isso n√£o √© um governador
√© um pai
eu te amo waldez!!!!!!!!!! https://t.co/bzlpeM9U2Z",waldez,,,797580168185442300,Kelroth,,,1,6,Tue Aug 10 2021 20:18:31 GMT-0300 (Brasilia Standard Time),Wed Aug 04 2021 17:42:03 GMT-0300 (Brasilia Standard Time)
"@eliseualvs Se a indigna√ß√£o que o pessoal tem pelo Waldez hoje em dia refletisse em voto, botaria f√©. 
Creio que va‚Ä¶ https://t.co/eVCnGdhzcI",waldez,,,44467655,luanadarby_,,,0,0,Tue Aug 10 2021 20:18:31 GMT-0300 (Brasilia Standard Time),Wed Aug 04 2021 14:52:53 GMT-0300 (Brasilia Standard Time)
"BM em a√ß√£o
Prefeito Bruno Mineiro, de Tartarugalzinho, recebeu no final de semana, senador Davi e governador Waldez‚Ä¶ https://t.co/mfgE7RM9d4",waldez,,,133032922,clay_sam,,,0,0,Tue Aug 10 2021 20:18:31 GMT-0300 (Brasilia Standard Time),Wed Aug 04 2021 14:20:37 GMT-0300 (Brasilia Standard Time)
RT @Felipespaixao: O Governo Waldez est√° h√° quatro meses sem pagar so funcion√°rios de empresa terceirizada que atende na saude. Por esse mo‚Ä¶,waldez,,,80973508,Jenyyy____,,,7,0,Tue Aug 10 2021 20:18:31 GMT-0300 (Brasilia Standard Time),Wed Aug 04 2021 13:43:32 GMT-0300 (Brasilia Standard Time)
RT @vinezsz: perdeu tudo! üò± o drama de waldez üò≥ vendendo hamb√∫rguer üòãüçîüòú,waldez,,,263606108,DieegoArj,,,4,0,Tue Aug 10 2021 20:18:31 GMT-0300 (Brasilia Standard Time),Wed Aug 04 2021 13:10:52 GMT-0300 (Brasilia Standard Time)
"@vinezsz @lan1s_ Pior que ficou bonito o hamb√∫rguer kkkkkkkkkkk
Me d√° um peda√ßo Waldez",waldez,,,987695551,rllssy,,,0,1,Tue Aug 10 2021 20:18:31 GMT-0300 (Brasilia Standard Time),Wed Aug 04 2021 13:10:25 GMT-0300 (Brasilia Standard Time)
RT @vinezsz: perdeu tudo! üò± o drama de waldez üò≥ vendendo hamb√∫rguer üòãüçîüòú,waldez,,,2980647786,lan1s_,,,4,0,Tue Aug 10 2021 20:18:31 GMT-0300 (Brasilia Standard Time),Wed Aug 04 2021 13:09:06 GMT-0300 (Brasilia Standard Time)
perdeu tudo! üò± o drama de waldez üò≥ vendendo hamb√∫rguer üòãüçîüòú https://t.co/0HAzoPgDC8,waldez,,,1074079599330504700,vinezsz,,,4,8,Tue Aug 10 2021 20:18:31 GMT-0300 (Brasilia Standard Time),Wed Aug 04 2021 13:05:00 GMT-0300 (Brasilia Standard Time)
RT @Felipespaixao: O Governo Waldez est√° h√° quatro meses sem pagar so funcion√°rios de empresa terceirizada que atende na saude. Por esse mo‚Ä¶,waldez,,,256161319,sereiasafofa,,,7,0,Tue Aug 10 2021 20:18:31 GMT-0300 (Brasilia Standard Time),Wed Aug 04 2021 12:05:43 GMT-0300 (Brasilia Standard Time)
RT @Felipespaixao: O Governo Waldez est√° h√° quatro meses sem pagar so funcion√°rios de empresa terceirizada que atende na saude. Por esse mo‚Ä¶,waldez,,,71938167,jackelbrasil,,,7,0,Tue Aug 10 2021 20:18:31 GMT-0300 (Brasilia Standard Time),Wed Aug 04 2021 11:32:52 GMT-0300 (Brasilia Standard Time)
O Governo Waldez est√° h√° quatro meses sem pagar so funcion√°rios de empresa terceirizada que atende na saude. Por es‚Ä¶ https://t.co/xUjLi0okNt,waldez,,,137541522,Felipespaixao,,,7,28,Tue Aug 10 2021 20:18:31 GMT-0300 (Brasilia Standard Time),Wed Aug 04 2021 11:27:11 GMT-0300 (Brasilia Standard Time)
RT @priscilatostes_: O Waldez daqui a algumas semanas üôÇ,waldez,,,440587124,lenerdrgs,,,1,0,Tue Aug 10 2021 20:18:31 GMT-0300 (Brasilia Standard Time),Wed Aug 04 2021 09:39:55 GMT-0300 (Brasilia Standard Time)
O Waldez daqui a algumas semanas üôÇ https://t.co/49Iomp7ZP7,waldez,,,2985058060,priscilatostes_,,,1,0,Tue Aug 10 2021 20:18:31 GMT-0300 (Brasilia Standard Time),Wed Aug 04 2021 09:12:03 GMT-0300 (Brasilia Standard Time)
"@cakelicas N√£o falo bem do Waldez, mas@se ele me pagasse eu D*v*",waldez,Brazil,"Macap√°, Brazil",353388754,BiaRafaelah,,,0,1,Tue Aug 10 2021 20:18:31 GMT-0300 (Brasilia Standard Time),Tue Aug 03 2021 21:59:54 GMT-0300 (Brasilia Standard Time)
Quem vier falar bem do Waldez ou do Cl√©cio no meu perfil eu vou ignorar,waldez,,,3304788790,cakelicas,,,0,3,Tue Aug 10 2021 20:18:31 GMT-0300 (Brasilia Standard Time),Tue Aug 03 2021 21:58:14 GMT-0300 (Brasilia Standard Time)
RT @MariaOdilena: No jornal o Amap√° apareceu hoje no vermelho ! E o Waldez liberando os bares,waldez,,,49339134,CamiloPSB,,,1,0,Tue Aug 10 2021 20:18:31 GMT-0300 (Brasilia Standard Time),Tue Aug 03 2021 18:32:49 GMT-0300 (Brasilia Standard Time)
No jornal o Amap√° apareceu hoje no vermelho ! E o Waldez liberando os bares https://t.co/mJGFJXBLhG,waldez,,,1304624060945571800,MariaOdilena,,,1,4,Tue Aug 10 2021 20:18:31 GMT-0300 (Brasilia Standard Time),Tue Aug 03 2021 18:16:50 GMT-0300 (Brasilia Standard Time)
RT @CamiloPSB: ao Bailique e que lamentavelmente est√° aos poucos sendo destru√≠da por dois fatores igualmente danosos: o abandono imposto pe‚Ä¶,waldez,,,183628508,dalva_nery,,,1,0,Tue Aug 10 2021 20:18:31 GMT-0300 (Brasilia Standard Time),Tue Aug 03 2021 11:21:03 GMT-0300 (Brasilia Standard Time)
ao Bailique e que lamentavelmente est√° aos poucos sendo destru√≠da por dois fatores igualmente danosos: o abandono i‚Ä¶ https://t.co/3oPOtMH617,waldez,,,49339134,CamiloPSB,,,1,5,Tue Aug 10 2021 20:18:31 GMT-0300 (Brasilia Standard Time),Tue Aug 03 2021 10:14:52 GMT-0300 (Brasilia Standard Time)
